<?xml version = "1.0" encoding = "utf-8"?>
<!DOCTYPE hibernate-configuration SYSTEM 
"http://www.hibernate.org/dtd/hibernate-configuration-3.0.dtd">
<hibernate-configuration>
	<session-factory>
	<!--  dialect is for hibernate to generate query based on database used-->
		<property name="hibernate.dialect">org.hibernate.dialect.MySQL5Dialect</property>
		<property name="hibernate.connection.driver_class">com.mysql.jdbc.Driver</property>
		
		<property name="hibernate.connection.url">jdbc:mysql://localhost:3306/hibernate_db?createDatabaseIfNotExist=true</property>
		<property name="hibernate.connection.username">root</property>
		<property name="hibernate.connection.password">root</property>
		<property name="show_sql">true</property>
		<property name="format_sql">false</property>
		<!-- hibernate related property -->
		<property name="hbm2ddl.auto">update</property> 
		
		<!--  mapping releted -->
		<mapping class = "hibernaterxample2.ClassRoom"/> 
		
	</session-factory>
</hibernate-configuration>